threshold,TP,FP,TN,FN,precision,recall
0.0,61,60,0,0,0.5041322314049587,1.0
0.05,29,18,42,32,0.6170212765957447,0.47540983606557374
0.1,18,11,49,43,0.6206896551724138,0.29508196721311475
0.15000000000000002,16,5,55,45,0.7619047619047619,0.26229508196721313
0.2,12,1,59,49,0.9230769230769231,0.19672131147540983
0.25,12,1,59,49,0.9230769230769231,0.19672131147540983
0.30000000000000004,11,0,60,50,1.0,0.18032786885245902
0.35000000000000003,11,0,60,50,1.0,0.18032786885245902
0.4,11,0,60,50,1.0,0.18032786885245902
0.45,11,0,60,50,1.0,0.18032786885245902
0.5,11,0,60,50,1.0,0.18032786885245902
0.55,11,0,60,50,1.0,0.18032786885245902
0.6000000000000001,11,0,60,50,1.0,0.18032786885245902
0.65,11,0,60,50,1.0,0.18032786885245902
0.7000000000000001,11,0,60,50,1.0,0.18032786885245902
0.75,11,0,60,50,1.0,0.18032786885245902
0.8,11,0,60,50,1.0,0.18032786885245902
0.8500000000000001,11,0,60,50,1.0,0.18032786885245902
0.9,11,0,60,50,1.0,0.18032786885245902
0.9500000000000001,11,0,60,50,1.0,0.18032786885245902
1.0,0,0,60,61,1,0.0
