threshold,TP,FP,TN,FN,precision,recall
0.0,181,138,0,0,0.567398119122257,1.0
0.05,94,25,113,87,0.7899159663865546,0.5193370165745856
0.1,56,11,127,125,0.835820895522388,0.30939226519337015
0.15000000000000002,46,5,133,135,0.9019607843137255,0.2541436464088398
0.2,38,1,137,143,0.9743589743589743,0.20994475138121546
0.25,36,1,137,145,0.972972972972973,0.19889502762430938
0.30000000000000004,35,0,138,146,1.0,0.19337016574585636
0.35000000000000003,35,0,138,146,1.0,0.19337016574585636
0.4,35,0,138,146,1.0,0.19337016574585636
0.45,35,0,138,146,1.0,0.19337016574585636
0.5,35,0,138,146,1.0,0.19337016574585636
0.55,35,0,138,146,1.0,0.19337016574585636
0.6000000000000001,35,0,138,146,1.0,0.19337016574585636
0.65,35,0,138,146,1.0,0.19337016574585636
0.7000000000000001,35,0,138,146,1.0,0.19337016574585636
0.75,35,0,138,146,1.0,0.19337016574585636
0.8,35,0,138,146,1.0,0.19337016574585636
0.8500000000000001,35,0,138,146,1.0,0.19337016574585636
0.9,35,0,138,146,1.0,0.19337016574585636
0.9500000000000001,35,0,138,146,1.0,0.19337016574585636
1.0,0,0,138,181,1,0.0
