threshold,TP,FP,TN,FN,precision,recall
0.0,73,8,0,0,0.9012345679012346,1.0
0.05,70,7,1,3,0.9090909090909091,0.958904109589041
0.1,57,5,3,16,0.9193548387096774,0.7808219178082192
0.15000000000000002,38,0,8,35,1.0,0.5205479452054794
0.2,27,0,8,46,1.0,0.3698630136986301
0.25,15,0,8,58,1.0,0.2054794520547945
0.30000000000000004,13,0,8,60,1.0,0.1780821917808219
0.35000000000000003,9,0,8,64,1.0,0.1232876712328767
0.4,9,0,8,64,1.0,0.1232876712328767
0.45,9,0,8,64,1.0,0.1232876712328767
0.5,9,0,8,64,1.0,0.1232876712328767
0.55,9,0,8,64,1.0,0.1232876712328767
0.6000000000000001,9,0,8,64,1.0,0.1232876712328767
0.65,9,0,8,64,1.0,0.1232876712328767
0.7000000000000001,9,0,8,64,1.0,0.1232876712328767
0.75,9,0,8,64,1.0,0.1232876712328767
0.8,9,0,8,64,1.0,0.1232876712328767
0.8500000000000001,9,0,8,64,1.0,0.1232876712328767
0.9,9,0,8,64,1.0,0.1232876712328767
0.9500000000000001,9,0,8,64,1.0,0.1232876712328767
1.0,0,0,8,73,1,0.0
